,x,y,low,upper,weight
0,2.302511331990172,0.9689158223721179,250,250,20
1,0.5923025630674701,2.164086915918646,50,100,20
2,-0.7671831360413197,4.07912890089473,50,100,20
3,-1.737553027898496,3.892020867168485,250,500,10
4,0.47706865790558606,3.7795047599172644,250,250,5
5,1.245243815199375,-4.6880768291548405,50,50,5
