,x,y,low,upper,weight
0,4.606814299424444,-1.4530562716700768,50,50,5
1,-6.219607208380213,-9.129801823944941,25,50,20
2,-2.894614267896916,8.241598413512353,25,50,5
3,-6.4242135429473635,-1.8808683625099416,250,250,20
4,9.846097164985427,-3.0730007242279855,50,50,20
5,8.40598345462135,4.263947852818902,100,100,5
