,x,y,low,upper,weight
0,2.307886238322471,0.7962520731291747,50,50,10
1,-1.6203347385012155,1.7901596505487287,250,500,10
2,-4.847926825460923,4.329151183098251,100,200,10
3,-0.5848759363844458,4.897291172674196,250,250,5
4,-2.847052688641316,1.8834738787181067,250,500,10
5,-1.0082682650979926,-3.7677730408271537,100,200,5
