,x,y,low,upper,weight
0,2.305198636144709,-4.117415903237741,50,100,10
1,-0.5140160877168736,1.9771234322452989,100,200,20
2,-2.8075549807511213,4.2041401165022965,0,25,10
3,3.838785592364335,-0.6053441290902715,250,500,5
4,3.8150079846321354,-2.168510606176508,50,50,5
5,0.11848784955649627,-4.227924860485191,0,25,20
