,x,y,low,upper,weight
0,2.306990420600421,2.491696031336331,50,100,5
1,2.081771577767972,-1.4808522235369317,50,50,20
2,-4.167802827553785,4.287480728225191,250,250,10
3,0.8896779562023518,-0.2702539279139602,25,50,20
4,2.7069675357831677,-2.8005208502390233,50,100,20
5,-3.9660161772092914,-0.5878236473798335,100,100,10
