,x,y,low,upper,weight
0,4.603231028536246,5.328719859181776,50,50,20
1,8.588817758673319,-2.2138505123804775,500,500,20
2,-0.17411857429158673,8.074917190066564,500,500,10
3,-0.5259979726001731,-2.5510484668393403,25,50,20
4,-7.93782223533986,-1.8089802361029577,25,50,20
5,-3.4250081938238486,-3.0162551694382618,100,200,5
