,x,y,low,upper,weight
0,4.597856122203947,-4.498616689598503,25,25,10
1,-9.198544641734772,-1.8399232470105602,250,250,10
2,3.9066254131512395,7.824895056874659,0,25,5
3,8.321324786874161,6.443680929631725,0,25,5
4,5.386299409230267,-9.912949205892188,50,100,5
5,-1.1714962625380938,-3.936558808754336,100,200,10
