,x,y,low,upper,weight
0,1.155734680099529,2.007238120150272,250,500,10
1,1.7856202217284318,2.437104169492133,250,500,5
2,1.2157885914552624,2.2479163522836307,25,25,5
3,1.7584544701515998,-2.216264286992397,250,250,20
4,2.4684332068303743,0.30972669529653896,25,25,10
5,0.4113618406852142,1.7562148417033931,50,100,5
