,x,y,low,upper,weight
0,1.1543909535164545,-0.4495959425389917,250,500,10
1,2.3387795471206037,-2.4694140886711935,25,25,20
2,2.235974588315969,2.1854107444798485,25,50,5
3,-1.0297148399798162,0.03241813663117554,0,25,10
4,0.7994635434671,-1.7162655471507686,500,500,20
5,0.9747398980124595,1.5261388573685686,250,250,20
