,x,y,low,upper,weight
0,1.15528684574431,-2.145039826240343,50,50,5
1,-1.3633266946427796,0.8015980834376912,50,50,10
2,1.5558505904088316,2.2270811248471016,100,100,10
3,2.4957313419391927,0.1999631627135252,500,500,10
4,0.24544331904261618,-2.0322706691820263,100,200,10
5,-1.0675121153704352,-1.6538104615729465,500,500,5
