,x,y,low,upper,weight
0,1.1530473014391855,2.0935700692775505,0,25,5
1,-2.1080611274872254,-2.375932197822908,100,200,5
2,-1.7438394893291298,2.1229052111818714,500,500,20
3,1.1821159243945747,2.281100485748942,0,25,5
4,-0.8695061198961747,1.257742061390311,0,25,10
5,1.538117880833898,1.2960628730337436,100,200,10
